-- phpMyAdmin SQL Dump
-- version 5.2.1
-- https://www.phpmyadmin.net/
--
-- Host: 127.0.0.1
-- Generation Time: Nov 05, 2024 at 02:42 AM
-- Server version: 10.4.32-MariaDB
-- PHP Version: 8.2.12

SET SQL_MODE = "NO_AUTO_VALUE_ON_ZERO";
START TRANSACTION;
SET time_zone = "+00:00";


/*!40101 SET @OLD_CHARACTER_SET_CLIENT=@@CHARACTER_SET_CLIENT */;
/*!40101 SET @OLD_CHARACTER_SET_RESULTS=@@CHARACTER_SET_RESULTS */;
/*!40101 SET @OLD_COLLATION_CONNECTION=@@COLLATION_CONNECTION */;
/*!40101 SET NAMES utf8mb4 */;

--
-- Database: `soiled_db`
--

-- --------------------------------------------------------

--
-- Table structure for table `audit_log`
--

CREATE TABLE `audit_log` (
  `auditID` int(11) NOT NULL,
  `userID` int(11) DEFAULT NULL,
  `time` timestamp NOT NULL DEFAULT current_timestamp(),
  `action` varchar(255) DEFAULT NULL
) ENGINE=InnoDB DEFAULT CHARSET=utf8mb4 COLLATE=utf8mb4_general_ci;

--
-- Dumping data for table `audit_log`
--

INSERT INTO `audit_log` (`auditID`, `userID`, `time`, `action`) VALUES
(1, 6, '2024-05-13 13:38:38', 'Logout'),
(2, 7, '2024-05-13 13:53:55', 'Login'),
(3, 7, '2024-05-13 13:54:05', 'Logout'),
(4, 10, '2024-05-13 13:59:30', 'Login'),
(5, 10, '2024-05-13 14:00:17', 'Logout'),
(6, 11, '2024-05-13 14:01:10', 'Login'),
(7, 11, '2024-05-13 14:01:51', 'Logout'),
(8, 7, '2024-05-13 14:02:34', 'Login'),
(9, 7, '2024-05-13 14:04:53', 'Logout'),
(10, 19, '2024-05-13 14:05:16', 'Login'),
(11, 19, '2024-05-13 14:06:39', 'Logout'),
(12, 12, '2024-05-13 14:07:14', 'Login'),
(13, 12, '2024-05-13 14:08:42', 'Logout'),
(14, 7, '2024-05-13 14:08:46', 'Login'),
(15, 7, '2024-05-13 14:27:10', 'Logout'),
(16, 6, '2024-05-13 14:28:08', 'Login'),
(17, 6, '2024-05-13 14:28:31', 'Logout'),
(18, 20, '2024-05-13 14:29:15', 'Login'),
(19, 20, '2024-05-13 14:30:51', 'Logout'),
(20, 20, '2024-05-13 14:31:02', 'Login'),
(21, 20, '2024-05-13 14:36:53', 'Logout'),
(22, 20, '2024-05-13 14:37:18', 'Login'),
(23, 20, '2024-05-13 14:37:18', 'Login'),
(24, 20, '2024-05-13 14:37:43', 'Logout'),
(25, 7, '2024-05-13 14:37:48', 'Login'),
(26, 7, '2024-05-13 14:38:39', 'Logout'),
(27, 6, '2024-05-13 15:06:26', 'Login'),
(28, 6, '2024-05-13 15:08:01', 'Logout'),
(29, 6, '2024-05-13 15:08:46', 'Login'),
(30, 6, '2024-05-13 15:09:44', 'Logout'),
(31, 6, '2024-05-13 15:10:03', 'Login'),
(32, 6, '2024-05-13 15:10:25', 'Logout'),
(33, 7, '2024-05-13 15:11:58', 'Login'),
(34, 7, '2024-05-13 15:13:25', 'Logout'),
(35, 6, '2024-05-13 15:17:46', 'Login'),
(36, 6, '2024-05-13 15:17:53', 'Logout'),
(37, 6, '2024-05-13 15:19:23', 'Login'),
(38, 6, '2024-05-13 15:19:33', 'Logout'),
(39, 6, '2024-05-13 15:26:47', 'Login'),
(40, 6, '2024-05-13 15:27:01', 'Logout'),
(41, 7, '2024-05-13 15:27:54', 'Login'),
(42, 7, '2024-05-13 15:28:06', 'Logout'),
(45, 7, '2024-05-13 15:33:14', 'Login'),
(46, 7, '2024-05-13 15:33:22', 'Update Credentials'),
(47, 7, '2024-05-13 15:33:23', 'Logout'),
(48, 6, '2024-05-13 15:34:41', 'Login'),
(49, 6, '2024-05-13 15:34:52', 'Update Credentials'),
(50, 6, '2024-05-13 15:35:00', 'Logout'),
(51, 6, '2024-05-15 12:27:03', 'Login'),
(52, 6, '2024-05-16 03:44:23', 'Login'),
(53, 6, '2024-05-16 06:18:20', 'Login'),
(54, 6, '2024-05-16 06:19:36', 'Logout'),
(55, 6, '2024-05-16 06:24:16', 'Logout'),
(56, 6, '2024-05-16 06:24:29', 'Login'),
(57, 6, '2024-05-16 07:21:32', 'Update Credentials'),
(58, 6, '2024-05-16 07:22:16', 'Logout'),
(59, 6, '2024-05-16 07:22:20', 'Login'),
(60, 6, '2024-05-16 08:52:35', 'Login'),
(61, 6, '2024-05-16 09:00:30', 'Logout'),
(62, 6, '2024-05-16 09:00:35', 'Login'),
(63, 6, '2024-05-16 09:29:53', 'Update Credentials'),
(64, 6, '2024-05-16 09:30:07', 'Logout'),
(65, 7, '2024-05-16 09:30:19', 'Login'),
(66, 7, '2024-05-16 09:30:29', 'Update Credentials'),
(67, 7, '2024-05-16 09:30:34', 'Logout'),
(68, 6, '2024-05-19 06:48:02', 'Login'),
(69, 6, '2024-05-19 06:57:05', 'Logout'),
(70, 6, '2024-05-19 06:57:10', 'Login'),
(71, 6, '2024-05-19 07:30:35', 'Update Credentials'),
(72, 6, '2024-05-19 07:34:04', 'Update Credentials'),
(73, 6, '2024-05-19 07:35:04', 'Update Credentials'),
(74, 6, '2024-05-19 07:36:49', 'Update Credentials'),
(75, 6, '2024-05-19 07:36:58', 'Update Credentials'),
(76, 6, '2024-05-19 07:42:11', 'Logout'),
(77, 6, '2024-05-19 07:42:57', 'Login'),
(78, 6, '2024-05-19 08:05:04', 'Update Credentials'),
(79, 6, '2024-05-19 08:06:00', 'Update Credentials'),
(80, 6, '2024-05-19 08:06:03', 'Logout'),
(81, 6, '2024-05-19 08:06:09', 'Login'),
(82, 6, '2024-05-19 08:13:40', 'Logout'),
(83, 7, '2024-05-19 08:13:49', 'Login'),
(84, 7, '2024-05-19 08:14:04', 'Update Credentials'),
(85, 7, '2024-05-19 08:14:06', 'Logout'),
(86, 13, '2024-05-19 08:16:48', 'Login'),
(87, 13, '2024-05-19 09:12:53', 'Logout'),
(88, 6, '2024-05-19 09:15:37', 'Login'),
(89, 6, '2024-05-19 10:01:04', 'Logout'),
(90, 5, '2024-05-19 10:04:40', 'Login'),
(91, 5, '2024-05-19 13:08:39', 'Login'),
(92, 17, '2024-05-19 13:34:42', 'Login'),
(93, 17, '2024-05-19 13:34:53', 'Logout'),
(94, 5, '2024-05-19 13:56:47', 'Login'),
(95, 5, '2024-05-19 14:01:54', 'Login'),
(96, 6, '2024-05-20 11:27:59', 'Login'),
(97, 6, '2024-05-20 11:49:54', 'Logout'),
(98, 5, '2024-05-20 11:49:59', 'Login'),
(99, 5, '2024-05-20 12:03:16', 'Login'),
(100, 5, '2024-05-20 14:27:59', 'Login'),
(101, 6, '2024-05-21 13:11:43', 'Login'),
(102, 6, '2024-05-21 13:12:43', 'Update Credentials'),
(103, 6, '2024-05-22 05:42:19', 'Login'),
(104, 6, '2024-05-22 05:42:57', 'Update Credentials'),
(105, 6, '2024-05-22 05:42:59', 'Logout'),
(106, 5, '2024-05-22 05:50:40', 'Login'),
(107, 6, '2024-05-22 06:06:15', 'Login'),
(108, 6, '2024-05-22 06:15:03', 'Update Credentials'),
(109, 6, '2024-05-22 06:15:08', 'Logout'),
(110, 6, '2024-05-22 06:15:47', 'Login'),
(111, 6, '2024-05-22 06:16:02', 'Update Credentials'),
(112, 6, '2024-05-22 06:17:05', 'Update Credentials'),
(113, 6, '2024-05-22 06:20:23', 'Update Credentials'),
(114, 6, '2024-05-22 06:23:18', 'Logout'),
(115, 10, '2024-05-22 06:23:47', 'Login'),
(116, 10, '2024-05-22 06:24:13', 'Update Credentials'),
(117, 10, '2024-05-22 06:26:38', 'Update Credentials'),
(118, 10, '2024-05-22 06:29:35', 'Update Credentials'),
(119, 10, '2024-05-22 06:30:53', 'Update Credentials'),
(120, 10, '2024-05-22 06:33:41', 'Update Credentials'),
(121, 10, '2024-05-22 06:34:00', 'Update Credentials'),
(122, 10, '2024-05-22 06:34:25', 'Update Credentials'),
(123, 10, '2024-05-22 06:35:09', 'Update Credentials'),
(124, 10, '2024-05-22 06:40:01', 'Update Credentials'),
(125, 10, '2024-05-22 06:40:11', 'Update Credentials'),
(126, 10, '2024-05-22 06:40:22', 'Update Credentials'),
(127, 10, '2024-05-22 06:40:35', 'Update Credentials'),
(128, 10, '2024-05-22 06:40:54', 'Update Credentials'),
(129, 10, '2024-05-22 06:42:07', 'Update Credentials'),
(130, 10, '2024-05-22 06:42:18', 'Update Credentials'),
(131, 10, '2024-05-22 06:42:28', 'Update Credentials'),
(132, 10, '2024-05-22 06:42:45', 'Update Credentials'),
(133, 10, '2024-05-22 06:43:38', 'Update Credentials'),
(134, 10, '2024-05-22 06:43:54', 'Update Credentials'),
(135, 10, '2024-05-22 06:44:32', 'Update Credentials'),
(136, 10, '2024-05-22 06:44:44', 'Update Credentials'),
(137, 10, '2024-05-22 06:44:54', 'Update Credentials'),
(138, 10, '2024-05-22 06:45:02', 'Update Credentials'),
(139, 10, '2024-05-22 06:45:11', 'Update Credentials'),
(140, 10, '2024-05-22 06:45:21', 'Logout'),
(141, 21, '2024-05-22 06:55:42', 'Login'),
(142, 21, '2024-05-22 06:56:00', 'Update Credentials'),
(143, 21, '2024-05-22 06:56:11', 'Logout'),
(144, 5, '2024-05-22 06:56:47', 'Login'),
(145, 5, '2024-05-22 08:20:12', 'Login'),
(146, 22, '2024-05-23 02:26:06', 'Login'),
(147, 22, '2024-05-23 02:27:54', 'Logout'),
(148, 5, '2024-05-23 02:27:58', 'Login'),
(149, 6, '2024-05-23 03:29:45', 'Login'),
(150, 6, '2024-05-23 03:31:09', 'Logout'),
(151, 5, '2024-05-23 03:31:14', 'Login'),
(152, 6, '2024-05-23 03:31:38', 'Login'),
(153, 6, '2024-05-23 05:02:15', 'Logout'),
(154, 6, '2024-05-23 07:44:52', 'Login'),
(155, 6, '2024-05-23 08:21:13', 'Login'),
(156, 5, '2024-05-23 12:14:27', 'Login'),
(157, 6, '2024-05-24 10:08:41', 'Login'),
(158, 6, '2024-05-24 10:16:31', 'Update Credentials'),
(159, 6, '2024-05-24 10:16:45', 'Update Credentials'),
(160, 6, '2024-05-24 10:16:48', 'Logout'),
(161, 6, '2024-05-24 10:16:53', 'Login'),
(162, 6, '2024-05-24 10:17:03', 'Update Credentials'),
(163, 6, '2024-05-24 10:17:05', 'Logout'),
(164, 5, '2024-05-24 10:18:56', 'Login'),
(165, 6, '2024-05-24 11:38:59', 'Login'),
(166, 6, '2024-05-24 11:41:18', 'Logout'),
(167, 5, '2024-05-24 11:41:52', 'Login'),
(168, 5, '2024-05-24 14:41:12', 'Login'),
(169, 6, '2024-05-24 14:46:29', 'Login'),
(170, 6, '2024-05-24 14:47:43', 'Logout'),
(171, 5, '2024-05-24 14:47:51', 'Login'),
(172, 6, '2024-05-24 14:54:27', 'Login'),
(173, 6, '2024-05-24 14:54:49', 'Logout'),
(174, 5, '2024-05-24 14:54:54', 'Login'),
(175, 6, '2024-05-25 10:01:44', 'Login'),
(176, 6, '2024-05-25 10:21:48', 'Update Credentials'),
(177, 6, '2024-05-25 10:21:56', 'Update Credentials'),
(178, 6, '2024-05-25 10:22:47', 'Update Credentials'),
(179, 6, '2024-05-25 10:22:54', 'Logout'),
(180, 6, '2024-05-25 10:22:58', 'Login'),
(181, 6, '2024-05-25 10:31:13', 'Update Password'),
(182, 6, '2024-05-25 10:31:16', 'Logout'),
(183, 5, '2024-05-25 10:31:22', 'Login'),
(184, 28, '2024-05-25 10:34:46', 'User Registered'),
(185, 28, '2024-05-25 10:35:03', 'Login'),
(186, 28, '2024-05-25 10:35:12', 'Logout'),
(187, 29, '2024-05-25 10:54:52', 'User Registered'),
(188, 5, '2024-05-25 10:54:57', 'Login'),
(189, 29, '2024-05-25 10:56:59', 'Login'),
(190, 29, '2024-05-25 12:50:32', 'Logout'),
(191, 10, '2024-05-25 12:50:40', 'Login'),
(192, 10, '2024-05-25 12:50:48', 'Logout'),
(193, 13, '2024-05-25 12:52:37', 'Login'),
(194, 13, '2024-05-25 12:55:41', 'Logout'),
(195, 23, '2024-05-25 12:55:45', 'Login'),
(196, 23, '2024-05-25 12:57:47', 'Logout'),
(197, 18, '2024-05-25 12:58:03', 'Login'),
(198, 18, '2024-05-25 12:58:19', 'Logout'),
(199, 5, '2024-05-25 13:02:32', 'Login'),
(200, 6, '2024-05-25 13:48:43', 'Login'),
(201, 6, '2024-05-25 13:48:55', 'Update Password'),
(202, 6, '2024-05-25 13:57:02', 'Logout'),
(203, 5, '2024-05-25 13:57:13', 'Login'),
(204, 6, '2024-05-25 14:21:43', 'Login'),
(205, 6, '2024-05-25 14:29:57', 'Logout'),
(206, 5, '2024-05-25 14:30:03', 'Login'),
(207, 6, '2024-05-25 14:31:19', 'Login'),
(208, 6, '2024-05-25 15:17:03', 'Logout'),
(209, 6, '2024-05-25 15:18:25', 'Login'),
(210, 6, '2024-05-25 15:28:10', 'Logout'),
(211, 6, '2024-05-25 15:52:28', 'Login'),
(212, 6, '2024-05-25 15:52:34', 'Logout'),
(213, 5, '2024-05-25 15:52:38', 'Login'),
(214, 6, '2024-05-25 15:56:41', 'Login'),
(215, 6, '2024-05-25 15:56:45', 'Logout'),
(216, 5, '2024-05-25 15:56:51', 'Login'),
(217, 6, '2024-05-26 01:51:51', 'Login'),
(218, 6, '2024-05-26 02:30:03', 'Logout'),
(219, 5, '2024-05-26 02:30:07', 'Login'),
(220, 6, '2024-05-26 02:44:56', 'Login'),
(221, 6, '2024-05-26 02:46:32', 'Logout'),
(222, 5, '2024-05-26 02:46:36', 'Login'),
(223, 6, '2024-05-26 02:47:19', 'Login'),
(224, 6, '2024-05-26 02:47:32', 'Logout'),
(225, 5, '2024-05-26 02:47:35', 'Login'),
(226, 6, '2024-05-26 02:51:18', 'Login'),
(227, 6, '2024-05-26 03:16:11', 'Logout'),
(228, 6, '2024-05-26 03:41:28', 'Login'),
(229, 6, '2024-05-26 03:41:35', 'Logout'),
(230, 5, '2024-05-26 03:41:39', 'Login'),
(231, 6, '2024-05-26 03:43:43', 'Login'),
(232, 6, '2024-05-26 05:47:18', 'Logout'),
(233, 6, '2024-05-26 05:47:34', 'Login'),
(234, 6, '2024-05-26 06:17:10', 'Logout'),
(235, 7, '2024-05-26 06:17:16', 'Login'),
(236, 7, '2024-05-26 06:19:34', 'Logout'),
(237, 6, '2024-05-26 06:19:45', 'Login'),
(238, 6, '2024-05-26 06:22:14', 'Logout'),
(239, 6, '2024-05-26 06:22:17', 'Login'),
(240, 6, '2024-05-26 07:59:07', 'Logout'),
(241, 5, '2024-05-26 07:59:12', 'Login'),
(242, 6, '2024-05-26 08:03:17', 'Login'),
(243, 6, '2024-05-26 08:03:31', 'Logout'),
(244, 5, '2024-05-26 08:03:34', 'Login'),
(245, 6, '2024-05-26 08:03:58', 'Login'),
(246, 6, '2024-05-26 08:04:09', 'Logout'),
(247, 6, '2024-05-26 08:04:13', 'Login'),
(248, 6, '2024-05-26 08:04:16', 'Logout'),
(249, 5, '2024-05-26 08:04:22', 'Login'),
(250, 6, '2024-05-26 08:04:44', 'Login'),
(251, 6, '2024-05-26 08:06:13', 'Logout'),
(252, 6, '2024-05-26 08:06:52', 'Login'),
(253, 6, '2024-05-26 08:18:19', 'Logout'),
(254, 5, '2024-05-26 08:18:24', 'Login'),
(255, 6, '2024-05-26 08:32:35', 'Login'),
(256, 6, '2024-05-26 09:36:46', 'Login'),
(257, 6, '2024-05-26 09:37:34', 'Update Password'),
(258, 6, '2024-05-26 09:37:37', 'Logout'),
(259, 7, '2024-05-26 10:13:53', 'Login'),
(260, 7, '2024-05-26 10:14:59', 'Update Password'),
(261, 7, '2024-05-26 10:15:02', 'Logout'),
(262, 8, '2024-05-26 10:15:14', 'Login'),
(263, 8, '2024-05-26 10:15:53', 'Update Password'),
(264, 8, '2024-05-26 10:15:55', 'Logout'),
(265, 8, '2024-05-26 10:16:24', 'Login'),
(266, 8, '2024-05-26 10:16:49', 'Update Password'),
(267, 8, '2024-05-26 10:17:10', 'Logout'),
(268, 10, '2024-05-26 10:19:12', 'Login'),
(269, 10, '2024-05-26 10:19:39', 'Update Password'),
(270, 10, '2024-05-26 10:19:49', 'Logout'),
(271, 11, '2024-05-26 10:20:10', 'Login'),
(272, 11, '2024-05-26 10:20:31', 'Update Password'),
(273, 11, '2024-05-26 10:21:08', 'Logout'),
(274, 12, '2024-05-26 10:21:20', 'Login'),
(275, 12, '2024-05-26 10:21:46', 'Update Password'),
(276, 12, '2024-05-26 10:22:03', 'Update Credentials'),
(277, 12, '2024-05-26 10:22:26', 'Update Credentials'),
(278, 12, '2024-05-26 10:22:32', 'Update Credentials'),
(279, 12, '2024-05-26 10:22:39', 'Logout'),
(280, 13, '2024-05-26 10:23:06', 'Login'),
(281, 13, '2024-05-26 10:23:48', 'Update Credentials'),
(282, 13, '2024-05-26 10:24:10', 'Update Password'),
(283, 13, '2024-05-26 10:24:24', 'Update Credentials'),
(284, 13, '2024-05-26 10:24:55', 'Update Credentials'),
(285, 13, '2024-05-26 10:25:49', 'Update Password'),
(286, 13, '2024-05-26 10:26:30', 'Update Credentials'),
(287, 13, '2024-05-26 10:26:48', 'Update Credentials'),
(288, 13, '2024-05-26 10:27:18', 'Update Credentials'),
(289, 13, '2024-05-26 10:27:35', 'Update Credentials'),
(290, 13, '2024-05-26 10:31:01', 'Update Credentials'),
(291, 13, '2024-05-26 10:32:53', 'Logout'),
(292, 14, '2024-05-26 10:33:29', 'Login'),
(293, 14, '2024-05-26 10:34:03', 'Update Password'),
(294, 14, '2024-05-26 10:34:21', 'Logout'),
(295, 16, '2024-05-26 10:34:27', 'Login'),
(296, 16, '2024-05-26 10:34:51', 'Update Password'),
(297, 16, '2024-05-26 10:34:55', 'Logout'),
(298, 17, '2024-05-26 10:35:35', 'Login'),
(299, 17, '2024-05-26 10:35:49', 'Update Password'),
(300, 17, '2024-05-26 10:35:51', 'Logout'),
(301, 18, '2024-05-26 10:36:26', 'Login'),
(302, 18, '2024-05-26 10:36:36', 'Update Password'),
(303, 18, '2024-05-26 10:36:38', 'Logout'),
(304, 19, '2024-05-26 10:36:45', 'Login'),
(305, 19, '2024-05-26 10:37:07', 'Update Password'),
(306, 19, '2024-05-26 10:37:10', 'Logout'),
(307, 20, '2024-05-26 10:37:46', 'Login'),
(308, 20, '2024-05-26 10:38:11', 'Update Password'),
(309, 20, '2024-05-26 10:38:17', 'Logout'),
(310, 21, '2024-05-26 10:38:28', 'Login'),
(311, 21, '2024-05-26 10:38:46', 'Update Password'),
(312, 21, '2024-05-26 10:38:51', 'Logout'),
(313, 22, '2024-05-26 10:39:02', 'Login'),
(314, 22, '2024-05-26 10:39:21', 'Update Password'),
(315, 22, '2024-05-26 10:39:24', 'Logout'),
(316, 23, '2024-05-26 10:39:50', 'Login'),
(317, 23, '2024-05-26 10:40:04', 'Update Password'),
(318, 23, '2024-05-26 10:40:07', 'Logout'),
(319, 24, '2024-05-26 10:40:22', 'Login'),
(320, 24, '2024-05-26 10:40:34', 'Update Password'),
(321, 24, '2024-05-26 10:40:37', 'Logout'),
(322, 25, '2024-05-26 10:41:00', 'Login'),
(323, 25, '2024-05-26 10:41:18', 'Update Password'),
(324, 25, '2024-05-26 10:41:21', 'Logout'),
(325, 26, '2024-05-26 10:41:39', 'Login'),
(326, 26, '2024-05-26 10:41:49', 'Update Password'),
(327, 26, '2024-05-26 10:41:54', 'Logout'),
(328, 26, '2024-05-26 10:41:59', 'Login'),
(329, 26, '2024-05-26 10:42:04', 'Update Credentials'),
(330, 26, '2024-05-26 10:42:09', 'Logout'),
(331, 27, '2024-05-26 10:42:19', 'Login'),
(332, 27, '2024-05-26 10:42:39', 'Update Password'),
(333, 27, '2024-05-26 10:42:55', 'Logout'),
(334, 28, '2024-05-26 10:43:14', 'Login'),
(335, 28, '2024-05-26 10:43:26', 'Update Password'),
(336, 28, '2024-05-26 10:43:29', 'Logout'),
(337, 29, '2024-05-26 10:43:36', 'Login'),
(338, 29, '2024-05-26 10:43:58', 'Update Password'),
(339, 29, '2024-05-26 10:44:06', 'Logout'),
(340, 30, '2024-05-26 10:47:41', 'User Registered'),
(341, 31, '2024-05-26 10:59:21', 'User Registered'),
(342, 31, '2024-05-26 10:59:33', 'Login'),
(343, 31, '2024-05-26 11:06:34', 'Logout'),
(344, 32, '2024-05-26 11:07:06', 'User Registered'),
(345, 32, '2024-05-26 11:07:22', 'Login'),
(346, 32, '2024-05-26 11:09:35', 'Logout'),
(347, 32, '2024-05-26 11:09:43', 'Login'),
(348, 32, '2024-05-26 11:10:02', 'Logout'),
(349, 6, '2024-05-26 11:11:42', 'Login'),
(350, 6, '2024-05-26 11:12:06', 'Update Password'),
(351, 6, '2024-05-26 11:12:30', 'Logout'),
(352, 29, '2024-05-26 11:13:00', 'Login'),
(353, 29, '2024-05-26 11:28:45', 'Logout'),
(354, 6, '2024-05-26 11:31:04', 'Login'),
(355, 6, '2024-05-26 14:14:16', 'Login'),
(356, 6, '2024-05-26 14:32:52', 'Add to cart'),
(357, 6, '2024-05-26 14:32:57', 'Logout'),
(358, 5, '2024-05-26 14:33:05', 'Login'),
(359, 6, '2024-05-26 14:37:37', 'Login'),
(360, 6, '2024-05-26 14:39:32', 'Removed from cart'),
(361, 6, '2024-05-26 14:39:37', 'Add to cart'),
(362, 6, '2024-05-26 14:39:42', 'Add to cart'),
(363, 6, '2024-05-26 14:39:55', 'Removed from cart'),
(364, 6, '2024-05-26 14:40:00', 'Logout'),
(365, 5, '2024-05-26 14:40:16', 'Login'),
(366, 6, '2024-05-26 14:42:11', 'Login'),
(367, 6, '2024-05-26 14:43:14', 'Add to cart'),
(368, 6, '2024-05-26 14:43:40', 'Logout'),
(369, 7, '2024-05-26 14:43:58', 'Login'),
(370, 7, '2024-05-26 14:44:14', 'Add to cart'),
(371, 7, '2024-05-26 14:49:52', 'Add to cart'),
(372, 7, '2024-05-26 14:50:13', 'Add to cart'),
(373, 7, '2024-05-26 14:50:19', 'Removed from cart'),
(374, 7, '2024-05-26 15:01:12', 'Add to cart'),
(375, 7, '2024-05-26 15:01:24', 'Add to cart'),
(376, 6, '2024-05-27 03:43:20', 'Login'),
(377, 6, '2024-05-27 03:44:04', 'Add to cart'),
(378, 6, '2024-05-27 03:46:25', 'Logout'),
(379, 5, '2024-05-27 03:46:42', 'Login'),
(380, 7, '2024-05-27 06:20:33', 'Login'),
(381, 7, '2024-05-27 06:21:26', 'Add to cart'),
(382, 7, '2024-05-27 06:21:32', 'Removed from cart'),
(383, 7, '2024-05-27 06:21:57', 'Logout'),
(384, 6, '2024-05-27 06:26:12', 'Login'),
(385, 6, '2024-05-27 06:26:24', 'Removed from cart'),
(386, 6, '2024-05-27 06:26:36', 'Add to cart'),
(387, 6, '2024-05-27 07:22:34', 'Add to cart'),
(388, 6, '2024-05-27 07:22:39', 'Removed from cart'),
(389, 6, '2024-05-27 07:25:27', 'Add to cart'),
(390, 6, '2024-05-27 07:25:33', 'Removed from cart'),
(391, 6, '2024-05-27 07:46:23', 'Add to cart'),
(392, 6, '2024-05-27 07:46:28', 'Removed from cart'),
(393, 6, '2024-05-27 08:05:12', 'Add to cart'),
(394, 6, '2024-05-27 08:05:23', 'Removed from cart'),
(395, 6, '2024-05-27 08:06:36', 'Add to cart'),
(396, 6, '2024-05-27 08:06:40', 'Removed from cart'),
(397, 6, '2024-05-27 08:32:37', 'Logout'),
(398, 7, '2024-05-27 08:32:45', 'Login'),
(399, 7, '2024-05-27 09:10:43', 'Logout'),
(400, 10, '2024-05-27 09:10:53', 'Login'),
(401, 10, '2024-05-27 09:12:44', 'Logout'),
(402, 6, '2024-05-27 09:17:42', 'Login'),
(403, 6, '2024-05-27 09:33:36', 'Add to cart'),
(404, 6, '2024-05-27 09:34:23', 'Logout'),
(405, 7, '2024-05-27 09:34:33', 'Login'),
(406, 7, '2024-05-27 09:42:09', 'Logout'),
(407, 6, '2024-05-27 09:42:13', 'Login'),
(408, 6, '2024-05-27 09:47:59', 'Logout'),
(409, 5, '2024-05-27 09:48:05', 'Login'),
(410, 6, '2024-05-27 10:09:01', 'Login'),
(411, 6, '2024-05-27 10:09:09', 'Logout'),
(412, 5, '2024-05-27 10:10:05', 'Login'),
(413, 6, '2024-05-27 10:23:13', 'Login'),
(414, 6, '2024-05-27 10:23:38', 'Logout'),
(415, 5, '2024-05-27 10:23:43', 'Login'),
(416, 5, '2024-05-27 10:45:52', 'Login'),
(417, 10, '2024-05-27 11:17:27', 'Login'),
(418, 10, '2024-05-27 11:18:38', 'Add to cart'),
(419, 10, '2024-05-27 11:19:21', 'Logout'),
(420, 19, '2024-05-27 11:19:28', 'Login'),
(421, 19, '2024-05-27 11:19:34', 'Add to cart'),
(422, 19, '2024-05-27 11:19:40', 'Add to cart'),
(423, 19, '2024-05-27 11:19:47', 'Add to cart'),
(424, 19, '2024-05-27 11:20:30', 'Logout'),
(425, 5, '2024-05-27 11:54:47', 'Login'),
(426, 8, '2024-05-27 12:21:18', 'Login'),
(427, 8, '2024-05-27 12:21:29', 'Add to cart'),
(428, 8, '2024-05-27 12:22:21', 'Add to cart'),
(429, 8, '2024-05-27 12:22:56', 'Logout'),
(430, 12, '2024-05-27 12:23:08', 'Login'),
(431, 12, '2024-05-27 12:23:16', 'Add to cart'),
(432, 12, '2024-05-27 12:24:06', 'Logout'),
(433, 23, '2024-05-27 12:24:17', 'Login'),
(434, 23, '2024-05-27 12:24:28', 'Add to cart'),
(435, 23, '2024-05-27 12:25:10', 'Logout'),
(436, 5, '2024-05-27 12:25:16', 'Login'),
(437, 29, '2024-05-27 13:27:41', 'Login'),
(438, 29, '2024-05-27 13:27:47', 'Add to cart'),
(439, 29, '2024-05-27 13:28:35', 'Placed an Order'),
(440, 29, '2024-05-27 13:28:42', 'Logout'),
(441, 5, '2024-05-27 13:28:57', 'Login'),
(442, 6, '2024-05-27 13:59:14', 'Login'),
(443, 6, '2024-05-27 13:59:36', 'Logout'),
(444, 16, '2024-05-27 14:00:46', 'Login'),
(445, 16, '2024-05-27 14:02:47', 'Add to cart'),
(446, 16, '2024-05-27 14:16:59', 'Placed an Order'),
(447, 16, '2024-05-27 14:17:08', 'Add to cart'),
(448, 16, '2024-05-27 14:17:40', 'Add to cart'),
(449, 16, '2024-05-27 14:17:44', 'Add to cart'),
(450, 16, '2024-05-27 14:17:48', 'Add to cart'),
(451, 16, '2024-05-27 14:21:20', 'Removed from cart'),
(452, 16, '2024-05-27 14:21:22', 'Removed from cart'),
(453, 16, '2024-05-27 14:21:24', 'Removed from cart'),
(454, 16, '2024-05-27 14:21:36', 'Logout'),
(455, 6, '2024-05-27 14:48:14', 'Login'),
(456, 6, '2024-05-27 14:49:18', 'Logout'),
(457, 6, '2024-05-27 14:53:09', 'Login'),
(458, 6, '2024-05-27 14:53:14', 'Logout'),
(459, 33, '2024-05-27 14:59:48', 'User Registered'),
(460, 33, '2024-05-27 15:00:19', 'Login'),
(461, 33, '2024-05-27 15:00:34', 'Update Credentials'),
(462, 33, '2024-05-27 15:00:45', 'Add to cart'),
(463, 33, '2024-05-27 15:01:04', 'Placed an Order'),
(464, 33, '2024-05-27 15:01:12', 'Logout'),
(465, 34, '2024-05-27 15:09:20', 'User Registered'),
(466, 6, '2024-06-03 13:31:57', 'Login'),
(467, 6, '2024-06-03 13:37:49', 'Logout'),
(468, 6, '2024-06-03 13:39:04', 'Logout'),
(469, 6, '2024-06-03 13:39:18', 'Logout'),
(470, 6, '2024-06-03 13:46:27', 'Login'),
(471, 6, '2024-06-03 13:48:09', 'Logout'),
(472, 6, '2024-06-03 13:49:14', 'Logout'),
(473, 6, '2024-06-03 13:50:06', 'Login'),
(474, 6, '2024-06-03 13:50:23', 'Logout'),
(475, 6, '2024-06-03 13:52:47', 'Logout'),
(476, 6, '2024-06-03 13:53:00', 'Logout'),
(477, 6, '2024-06-03 13:55:44', 'Login'),
(478, 6, '2024-06-03 13:55:47', 'Logout'),
(479, 6, '2024-06-03 13:55:54', 'Logout'),
(480, 6, '2024-06-03 14:00:02', 'Login'),
(481, 6, '2024-06-03 14:03:59', 'Add to cart'),
(482, 6, '2024-06-03 14:04:06', 'Add to cart'),
(483, 6, '2024-06-03 14:16:50', 'Add to cart'),
(484, 6, '2024-06-04 01:47:23', 'Login'),
(485, 6, '2024-06-04 01:47:31', 'Removed from cart'),
(486, 6, '2024-06-04 01:48:35', 'Removed from cart'),
(487, 6, '2024-06-04 01:48:36', 'Removed from cart'),
(488, 6, '2024-06-04 02:03:47', 'Add to cart'),
(489, 6, '2024-06-04 02:11:02', 'Add to cart'),
(490, 6, '2024-06-04 02:11:07', 'Add to cart'),
(491, 6, '2024-06-04 02:13:39', 'Add to cart'),
(492, 6, '2024-06-04 02:17:50', 'Placed an Order'),
(493, 6, '2024-06-04 02:19:39', 'Logout'),
(494, 6, '2024-06-04 02:21:50', 'Logout'),
(495, 5, '2024-06-04 03:00:54', 'Login'),
(496, 6, '2024-06-04 15:03:58', 'Login'),
(497, 6, '2024-06-04 15:04:35', 'Logout'),
(498, 6, '2024-06-05 04:20:17', 'Login'),
(499, 6, '2024-06-05 04:20:30', 'Logout'),
(500, 6, '2024-06-05 04:21:28', 'Login'),
(501, 6, '2024-06-05 04:21:30', 'Logout'),
(502, 6, '2024-06-05 04:21:42', 'Login'),
(503, 6, '2024-06-05 04:21:45', 'Logout'),
(504, 6, '2024-06-05 04:22:11', 'Login'),
(505, 6, '2024-06-05 04:22:14', 'Logout'),
(506, 6, '2024-06-05 04:22:53', 'Login'),
(507, 6, '2024-06-05 04:23:08', 'Logout'),
(508, 6, '2024-06-05 04:23:24', 'Login'),
(509, 6, '2024-06-05 04:23:28', 'Logout'),
(510, 6, '2024-06-05 04:27:38', 'Login'),
(511, 6, '2024-06-05 04:27:41', 'Logout'),
(512, 6, '2024-06-05 04:28:30', 'Login'),
(513, 6, '2024-06-05 04:28:33', 'Logout'),
(514, 6, '2024-06-05 06:51:35', 'Login'),
(515, 6, '2024-06-05 06:51:38', 'Logout'),
(516, 6, '2024-06-05 07:13:49', 'Login'),
(517, 6, '2024-06-05 07:14:10', 'Logout'),
(518, 6, '2024-06-05 07:19:42', 'Login'),
(519, 6, '2024-06-05 07:21:27', 'Logout'),
(520, 6, '2024-06-05 07:23:26', 'Login'),
(521, 6, '2024-06-05 07:24:10', 'Logout'),
(522, 6, '2024-06-05 07:24:21', 'Login'),
(523, 5, '2024-06-05 07:32:06', 'Login'),
(524, 6, '2024-06-05 07:40:58', 'Logout'),
(525, 10, '2024-06-05 07:41:05', 'Login'),
(526, 10, '2024-06-05 07:43:05', 'Add to cart'),
(527, 10, '2024-06-05 07:43:34', 'Placed an Order'),
(528, 10, '2024-06-05 08:32:48', 'Logout'),
(529, 5, '2024-06-05 08:32:54', 'Login'),
(530, 12, '2024-06-05 08:34:00', 'Login'),
(531, 12, '2024-06-05 08:34:05', 'Add to cart'),
(532, 12, '2024-06-05 08:34:35', 'Placed an Order'),
(533, 12, '2024-06-05 08:35:07', 'Add to cart'),
(534, 12, '2024-06-05 08:37:27', 'Placed an Order'),
(535, 12, '2024-06-05 08:38:28', 'Add to cart'),
(536, 12, '2024-06-05 08:41:55', 'Placed an Order'),
(537, 12, '2024-06-05 08:45:15', 'Logout'),
(538, 5, '2024-06-05 08:45:25', 'Login'),
(539, 6, '2024-06-05 09:04:02', 'Login'),
(540, 5, '2024-06-05 09:04:47', 'Login'),
(541, 6, '2024-06-05 09:48:33', 'Logout'),
(542, 6, '2024-06-05 10:40:15', 'Login'),
(543, 6, '2024-06-05 10:43:13', 'Logout'),
(544, 7, '2024-06-05 10:43:42', 'Login'),
(545, 5, '2024-06-06 06:34:35', 'Login'),
(546, 6, '2024-06-06 12:53:37', 'Login'),
(547, 6, '2024-06-06 13:03:16', 'Logout'),
(548, 5, '2024-06-06 13:03:26', 'Login'),
(549, 6, '2024-06-07 03:06:06', 'Login'),
(550, 6, '2024-06-07 03:17:51', 'Add to cart'),
(551, 6, '2024-06-07 03:18:06', 'Placed an Order'),
(552, 6, '2024-06-07 03:18:33', 'Add to cart'),
(553, 6, '2024-06-07 03:18:46', 'Placed an Order'),
(554, 6, '2024-06-07 03:21:39', 'Add to cart'),
(555, 6, '2024-06-07 03:21:52', 'Placed an Order'),
(556, 6, '2024-06-07 03:26:44', 'Add to cart'),
(557, 6, '2024-06-07 03:27:00', 'Placed an Order'),
(558, 6, '2024-06-07 03:27:59', 'Add to cart'),
(559, 6, '2024-06-07 03:28:13', 'Placed an Order'),
(560, 6, '2024-06-07 03:29:59', 'Logout'),
(561, 29, '2024-06-07 03:30:07', 'Login'),
(562, 29, '2024-06-07 03:30:21', 'Add to cart'),
(563, 29, '2024-06-07 03:30:38', 'Placed an Order'),
(564, 21, '2024-06-07 03:37:54', 'Login'),
(565, 21, '2024-06-07 03:39:01', 'Add to cart'),
(566, 21, '2024-06-07 03:39:24', 'Placed an Order'),
(567, 21, '2024-06-07 03:42:42', 'Add to cart'),
(568, 21, '2024-06-07 03:42:56', 'Placed an Order'),
(569, 21, '2024-06-07 03:45:33', 'Add to cart'),
(570, 21, '2024-06-07 03:46:10', 'Placed an Order'),
(571, 21, '2024-06-07 03:49:40', 'Add to cart'),
(572, 21, '2024-06-07 03:49:52', 'Placed an Order'),
(573, 21, '2024-06-07 04:21:54', 'Add to cart'),
(574, 21, '2024-06-07 04:22:05', 'Placed an Order'),
(575, 21, '2024-06-07 05:29:09', 'Logout'),
(576, 25, '2024-06-07 05:43:27', 'Login'),
(577, 25, '2024-06-07 06:00:23', 'Add to cart'),
(578, 25, '2024-06-07 06:00:37', 'Removed from cart'),
(579, 25, '2024-06-07 06:00:42', 'Add to cart'),
(580, 25, '2024-06-07 06:00:48', 'Removed from cart'),
(581, 25, '2024-06-07 06:00:58', 'Add to cart'),
(582, 25, '2024-06-07 06:02:49', 'Add to cart'),
(583, 25, '2024-06-07 06:11:45', 'Add to cart'),
(584, 25, '2024-06-07 06:11:50', 'Removed from cart'),
(585, 25, '2024-06-07 06:11:51', 'Removed from cart'),
(586, 25, '2024-06-07 06:51:07', 'Add to cart'),
(587, 25, '2024-06-07 06:51:22', 'Removed from cart'),
(588, 25, '2024-06-07 06:51:24', 'Removed from cart'),
(589, 25, '2024-06-07 06:58:05', 'Add to cart'),
(590, 25, '2024-06-07 06:58:51', 'Placed an Order'),
(591, 25, '2024-06-07 07:01:38', 'Add to cart'),
(592, 25, '2024-06-07 07:01:53', 'Placed an Order'),
(593, 25, '2024-06-07 07:04:59', 'Add to cart'),
(594, 25, '2024-06-07 07:05:23', 'Placed an Order'),
(595, 24, '2024-06-07 10:37:39', 'Login'),
(596, 24, '2024-06-07 10:48:11', 'Add to cart'),
(597, 24, '2024-06-07 10:49:37', 'Placed an Order'),
(598, 24, '2024-06-07 11:32:05', 'Add to cart'),
(599, 24, '2024-06-07 12:08:18', 'Add to cart'),
(600, 24, '2024-06-07 12:12:17', 'Add to cart'),
(601, 24, '2024-06-07 12:12:26', 'Removed from cart'),
(602, 24, '2024-06-07 12:13:05', 'Add to cart'),
(603, 24, '2024-06-07 12:13:11', 'Removed from cart'),
(604, 24, '2024-06-07 12:13:29', 'Add to cart'),
(605, 24, '2024-06-07 12:13:35', 'Removed from cart'),
(606, 24, '2024-06-07 12:16:50', 'Add to cart'),
(607, 24, '2024-06-07 12:16:58', 'Removed from cart'),
(608, 24, '2024-06-07 12:17:00', 'Removed from cart'),
(609, 24, '2024-06-07 12:17:01', 'Removed from cart'),
(610, 24, '2024-06-07 12:20:11', 'Add to cart'),
(611, 24, '2024-06-07 12:20:27', 'Removed from cart'),
(612, 24, '2024-06-07 12:20:41', 'Add to cart'),
(613, 24, '2024-06-07 12:21:01', 'Removed from cart'),
(614, 24, '2024-06-07 12:23:07', 'Add to cart'),
(615, 24, '2024-06-07 12:26:12', 'Placed an Order'),
(616, 24, '2024-06-07 12:32:22', 'Logout'),
(617, 5, '2024-06-07 12:32:28', 'Login'),
(618, 6, '2024-06-07 12:38:59', 'Login'),
(619, 6, '2024-06-07 12:39:08', 'Logout'),
(620, 6, '2024-06-08 11:47:33', 'Login'),
(621, 6, '2024-06-08 11:47:38', 'Logout'),
(622, 25, '2024-06-08 11:47:45', 'Login'),
(623, 25, '2024-06-08 11:48:06', 'Logout'),
(624, 23, '2024-06-08 11:48:20', 'Login'),
(625, 23, '2024-06-08 12:12:56', 'Add to cart'),
(626, 23, '2024-06-08 12:13:24', 'Placed an Order'),
(627, 23, '2024-06-08 12:27:40', 'Logout'),
(628, 35, '2024-06-08 12:33:54', 'User Registered'),
(629, 35, '2024-06-08 12:34:04', 'Login'),
(630, 35, '2024-06-08 12:35:04', 'Logout'),
(631, 35, '2024-06-08 12:41:41', 'Login'),
(632, 35, '2024-06-08 12:43:54', 'Logout'),
(633, 35, '2024-06-08 12:44:00', 'Login'),
(634, 35, '2024-06-08 12:46:28', 'Add to cart'),
(635, 35, '2024-06-08 12:46:44', 'Placed an Order'),
(636, 35, '2024-06-08 12:47:00', 'Logout'),
(637, 35, '2024-06-08 13:25:49', 'Login'),
(638, 35, '2024-06-08 13:26:07', 'Add to cart'),
(639, 35, '2024-06-08 13:26:27', 'Placed an Order'),
(640, 35, '2024-06-08 13:35:02', 'Logout'),
(641, 5, '2024-06-08 13:35:08', 'Login'),
(642, 35, '2024-06-09 05:06:45', 'Login'),
(643, 35, '2024-06-09 06:04:45', 'Add to cart'),
(644, 35, '2024-06-09 06:17:58', 'Logout'),
(645, 5, '2024-06-09 06:18:05', 'Login'),
(646, 27, '2024-06-09 06:19:34', 'Login'),
(647, 27, '2024-06-09 06:20:42', 'Add to cart'),
(648, 27, '2024-06-09 06:21:11', 'Placed an Order'),
(649, 27, '2024-06-09 06:32:27', 'Add to cart'),
(650, 27, '2024-06-09 06:33:02', 'Placed an Order'),
(651, 27, '2024-06-09 06:35:13', 'Add to cart'),
(652, 27, '2024-06-09 06:35:33', 'Placed an Order'),
(653, 27, '2024-06-09 08:15:49', 'Add to cart'),
(654, 27, '2024-06-09 08:38:06', 'Logout'),
(655, 5, '2024-06-09 08:40:55', 'Login'),
(656, 16, '2024-06-09 08:57:12', 'Login'),
(657, 16, '2024-06-09 09:03:55', 'Logout'),
(658, 12, '2024-06-09 09:04:17', 'Login'),
(659, 12, '2024-06-09 09:04:25', 'Logout'),
(660, 6, '2024-06-09 09:04:32', 'Login'),
(661, 6, '2024-06-09 09:05:28', 'Logout'),
(662, 5, '2024-06-09 09:16:25', 'Login'),
(663, 28, '2024-06-09 11:27:38', 'Login'),
(664, 28, '2024-06-09 11:27:43', 'Add to cart'),
(665, 28, '2024-06-09 11:27:47', 'Add to cart'),
(666, 28, '2024-06-09 11:27:56', 'Add to cart'),
(667, 28, '2024-06-09 11:28:02', 'Add to cart'),
(668, 28, '2024-06-09 11:28:48', 'Placed an Order'),
(669, 28, '2024-06-09 11:29:05', 'Logout'),
(670, 6, '2024-06-09 11:29:10', 'Login'),
(671, 6, '2024-06-09 11:29:19', 'Add to cart'),
(672, 6, '2024-06-09 11:29:38', 'Add to cart'),
(673, 6, '2024-06-09 11:29:51', 'Add to cart'),
(674, 6, '2024-06-09 11:29:58', 'Add to cart'),
(675, 6, '2024-06-09 11:30:10', 'Placed an Order'),
(676, 6, '2024-06-09 11:30:25', 'Logout'),
(677, 5, '2024-06-09 11:30:33', 'Login'),
(678, 36, '2024-06-10 12:06:03', 'User Registered'),
(679, 36, '2024-06-10 12:06:11', 'Login'),
(680, 36, '2024-06-10 12:22:11', 'Add to cart'),
(681, 36, '2024-06-10 12:22:43', 'Placed an Order'),
(682, 36, '2024-06-10 12:25:36', 'Logout'),
(683, 5, '2024-06-10 12:28:38', 'Login'),
(684, 5, '2024-06-10 14:24:46', 'Login'),
(685, 37, '2024-06-10 14:55:46', 'User Registered'),
(686, 38, '2024-06-10 14:57:06', 'User Registered'),
(687, 5, '2024-06-10 14:57:23', 'Logout'),
(688, 39, '2024-06-10 14:59:25', 'User Registered'),
(689, 5, '2024-06-10 14:59:32', 'Logout'),
(690, 39, '2024-06-10 14:59:50', 'Login'),
(691, 39, '2024-06-10 14:59:55', 'Logout'),
(692, 6, '2024-11-04 13:13:59', 'Login'),
(693, 6, '2024-11-04 13:22:23', 'Add to cart'),
(694, 6, '2024-11-04 13:42:11', 'Logout'),
(695, 7, '2024-11-04 13:42:50', 'Login'),
(696, 7, '2024-11-04 13:42:56', 'Add to cart'),
(697, 7, '2024-11-04 13:43:00', 'Removed from cart'),
(698, 7, '2024-11-04 13:43:01', 'Removed from cart'),
(699, 7, '2024-11-04 14:07:47', 'Placed an Order'),
(700, 7, '2024-11-04 14:08:45', 'Logout'),
(701, 8, '2024-11-04 14:09:16', 'Login'),
(702, 8, '2024-11-04 14:09:23', 'Add to cart'),
(703, 8, '2024-11-04 14:20:20', 'Placed an Order'),
(704, 8, '2024-11-04 14:20:58', 'Add to cart'),
(705, 8, '2024-11-04 14:21:14', 'Placed an Order'),
(706, 8, '2024-11-04 14:23:42', 'Add to cart'),
(707, 8, '2024-11-04 14:23:56', 'Placed an Order'),
(708, 8, '2024-11-04 14:26:07', 'Add to cart'),
(709, 8, '2024-11-04 14:27:51', 'Placed an Order'),
(710, 8, '2024-11-04 14:29:55', 'Add to cart'),
(711, 8, '2024-11-04 14:30:07', 'Placed an Order'),
(712, 8, '2024-11-04 14:32:22', 'Add to cart'),
(713, 8, '2024-11-04 14:32:34', 'Placed an Order'),
(714, 8, '2024-11-04 14:32:55', 'Add to cart'),
(715, 8, '2024-11-04 14:49:10', 'Add to cart'),
(716, 8, '2024-11-04 14:49:15', 'Removed from cart'),
(717, 8, '2024-11-04 14:55:07', 'Add to cart'),
(718, 8, '2024-11-04 14:55:11', 'Removed from cart'),
(719, 8, '2024-11-04 14:55:53', 'Add to cart'),
(720, 8, '2024-11-04 14:55:58', 'Removed from cart'),
(721, 8, '2024-11-04 14:57:50', 'Add to cart'),
(722, 8, '2024-11-04 14:57:53', 'Removed from cart'),
(723, 8, '2024-11-04 15:09:34', 'Add to cart'),
(724, 8, '2024-11-04 15:09:38', 'Removed from cart'),
(725, 8, '2024-11-04 15:12:46', 'Placed an Order'),
(726, 6, '2024-11-04 15:50:01', 'Login'),
(727, 6, '2024-11-04 16:08:26', 'Logout'),
(728, 6, '2024-11-04 16:51:18', 'Placed an Order'),
(729, 6, '2024-11-04 16:52:20', 'Add to cart'),
(730, 6, '2024-11-04 16:52:35', 'Placed an Order'),
(731, 6, '2024-11-04 16:56:40', 'Add to cart'),
(732, 6, '2024-11-04 16:56:50', 'Placed an Order');

-- --------------------------------------------------------

--
-- Table structure for table `cart`
--

CREATE TABLE `cart` (
  `cartID` int(11) NOT NULL,
  `prodID` int(11) DEFAULT NULL,
  `prodName` varchar(100) NOT NULL,
  `prodPrice` decimal(10,2) NOT NULL,
  `quantity` int(11) NOT NULL,
  `totalAmount` decimal(10,2) DEFAULT NULL,
  `userID` int(11) DEFAULT NULL,
  `prodSize` varchar(50) DEFAULT NULL,
  `prodColor` varchar(50) DEFAULT NULL,
  `prodImage` varchar(255) DEFAULT NULL
) ENGINE=InnoDB DEFAULT CHARSET=utf8mb4 COLLATE=utf8mb4_general_ci;

--
-- Dumping data for table `cart`
--

INSERT INTO `cart` (`cartID`, `prodID`, `prodName`, `prodPrice`, `quantity`, `totalAmount`, `userID`, `prodSize`, `prodColor`, `prodImage`) VALUES
(1, 1, 'Best Mistake', 500.00, 2, 1000.00, NULL, NULL, NULL, NULL),
(2, 2, '999 Tee', 600.00, 1, 600.00, NULL, NULL, NULL, NULL),
(3, 3, 'Soiled X GodGames OPHNM', 699.00, 3, 2097.00, NULL, NULL, NULL, NULL),
(62, 32, 'Istillo Tube Mask', 200.00, 1, 200.00, 16, '', '', NULL),
(108, 1, 'Best Mistake', 400.00, 1, 400.00, 35, 'M', 'White', NULL),
(112, 1, 'Best Mistake', 400.00, 1, 400.00, 27, NULL, NULL, NULL);

-- --------------------------------------------------------

--
-- Table structure for table `orders`
--

CREATE TABLE `orders` (
  `orderID` int(11) NOT NULL,
  `userID` int(11) DEFAULT NULL,
  `cartID` int(11) DEFAULT NULL,
  `contactNo` varchar(20) DEFAULT NULL,
  `orderDate` datetime DEFAULT current_timestamp(),
  `order_deliveryProvince` varchar(100) DEFAULT NULL,
  `order_deliveryCity` varchar(100) DEFAULT NULL,
  `order_deliverBrgy` varchar(100) DEFAULT NULL,
  `order_MOP` varchar(50) DEFAULT NULL,
  `order_deliveryStatus` enum('Placed order','To be shipped','Shipped','Delivered successfully','Canceled order') DEFAULT NULL,
  `deliveredDate` datetime DEFAULT NULL,
  `prodID` int(11) DEFAULT NULL,
  `quantity` int(11) DEFAULT NULL,
  `prodName` varchar(255) NOT NULL,
  `prodPrice` decimal(10,2) NOT NULL,
  `totalAmount` decimal(10,2) NOT NULL
) ENGINE=InnoDB DEFAULT CHARSET=utf8mb4 COLLATE=utf8mb4_general_ci;

--
-- Dumping data for table `orders`
--

INSERT INTO `orders` (`orderID`, `userID`, `cartID`, `contactNo`, `orderDate`, `order_deliveryProvince`, `order_deliveryCity`, `order_deliverBrgy`, `order_MOP`, `order_deliveryStatus`, `deliveredDate`, `prodID`, `quantity`, `prodName`, `prodPrice`, `totalAmount`) VALUES
(5, 5, 1, '09123456789', '2024-04-29 22:55:42', 'Bulacan', 'Malolos', 'Atlag', 'Cash on Delivery', 'Delivered successfully', NULL, NULL, NULL, '', 0.00, 0.00),
(6, 7, 2, '09132456789', '2024-04-29 23:00:16', 'Pampanga', 'Apalit', 'Sampaloc', 'Cash on Delivery', 'Delivered successfully', NULL, NULL, NULL, '', 0.00, 0.00),
(7, 8, 3, '09132456789', '2024-04-29 23:03:14', 'Bulacan', 'Sta Maria', 'Caypombo', 'Cash on Delivery', 'Delivered successfully', NULL, NULL, NULL, '', 0.00, 0.00),
(27, 6, NULL, '09123456788', '2024-05-27 17:30:27', 'Bulacan', 'Malolos', 'Atlag', 'Cash On Delivery', 'Delivered successfully', '2024-06-09 16:54:56', 38, 1, 'Flame Red', 200.00, 200.00),
(28, 6, NULL, '09123456787', '2024-05-27 17:34:02', 'Bulacan', 'Malolos', 'Matimbo', 'Cash On Delivery', 'Delivered successfully', '2024-06-09 16:53:17', 7, 2, '999 Shirt', 500.00, 1000.00),
(29, 10, NULL, '09123456787', '2024-05-27 19:19:04', 'Bulacan', 'Guiguinto', 'Tuktukan', 'Cash On Delivery', 'Shipped', NULL, 23, 1, 'Soiled X Attachable Sticker Pack', 100.00, 100.00),
(30, 19, NULL, '09123456666', '2024-05-27 19:20:20', 'Bulacan', 'Guiguinto', 'Tabang', 'Cash On Delivery', 'Delivered successfully', '2024-06-09 19:07:11', 35, 1, 'Flora Paisley', 220.00, 220.00),
(31, 19, NULL, '09123456666', '2024-05-27 19:20:20', 'Bulacan', 'Guiguinto', 'Tabang', 'Cash On Delivery', 'Delivered successfully', '2024-06-09 19:07:21', 19, 2, 'Nectarine Pomade', 200.00, 400.00),
(32, 19, NULL, '09123456666', '2024-05-27 19:20:20', 'Bulacan', 'Guiguinto', 'Tabang', 'Cash On Delivery', 'To be shipped', NULL, 39, 2, 'Sting Tube Mask', 200.00, 400.00),
(33, 8, NULL, '09123456783', '2024-05-27 20:21:59', 'Bulacan', 'Sta Maria', 'Caypombo', 'Cash On Delivery', 'Delivered successfully', '2024-06-09 19:07:28', 35, 1, 'Flora Paisley', 220.00, 220.00),
(34, 8, NULL, '09123456783', '2024-05-27 20:22:48', 'Bulacan', 'Sta Maria', 'Caypombo', 'Cash On Delivery', 'To be shipped', NULL, 37, 2, 'White Vanille Pomade', 100.00, 200.00),
(35, 12, NULL, '09123456663', '2024-05-27 20:23:51', 'Bulacan', 'Plaridel', 'Lalangan', 'Cash On Delivery', 'To be shipped', NULL, 36, 1, 'Graphics Paisley', 200.00, 200.00),
(36, 23, NULL, '09123456785', '2024-05-27 20:25:03', 'Bulacan', 'Baliuag', 'Pagala', 'Cash On Delivery', 'To be shipped', NULL, 32, 1, 'Istillo Tube Mask', 200.00, 200.00),
(37, 29, NULL, '09123456781', '2024-05-27 21:28:35', 'Bulacan', 'Baliuag', 'Tarcan', 'Cash On Delivery', 'Delivered successfully', '2024-06-09 19:07:36', 35, 1, 'Flora Paisley', 220.00, 220.00),
(38, 16, NULL, '09123456782', '2024-05-27 22:16:59', 'Bulacan', 'Plaridel', 'Agnaya', 'Cash On Delivery', 'Delivered successfully', '2024-06-09 19:07:54', 1, 1, 'Best Mistake', 400.00, 400.00),
(39, 33, NULL, '09123456784', '2024-05-27 23:01:04', 'Bulacan', 'Guiguinto', 'Pritil', 'Cash On Delivery', 'Delivered successfully', '2024-06-09 19:08:03', 1, 1, 'Best Mistake', 400.00, 400.00),
(40, 6, NULL, '09123456783', '2024-06-04 10:17:50', 'Bulacan', 'Plaridel', 'Rocka', 'Cash On Delivery', 'To be shipped', NULL, 39, 3, 'Sting Tube Mask', 200.00, 600.00),
(41, 6, NULL, '09123456783', '2024-06-04 10:17:50', 'Bulacan', 'Plaridel', 'Rocka', 'Cash On Delivery', 'Delivered successfully', '2024-06-09 19:08:18', 35, 1, 'Flora Paisley', 220.00, 220.00),
(42, 6, NULL, '09123456783', '2024-06-04 10:17:50', 'Bulacan', 'Plaridel', 'Rocka', 'Cash On Delivery', 'Delivered successfully', '2024-06-09 19:08:23', 18, 2, 'Blue Elixir Pomade', 280.00, 560.00),
(43, 6, NULL, '09123456783', '2024-06-04 10:17:50', 'Bulacan', 'Plaridel', 'Rocka', 'Cash On Delivery', 'Delivered successfully', '2024-06-09 19:08:28', 1, 1, 'Best Mistake', 400.00, 400.00),
(44, 10, NULL, '09123456788', '2024-06-05 15:43:34', 'Bulacan', 'Malolos', 'Ligas', 'Cash On Delivery', 'Delivered successfully', '2024-06-09 19:10:12', 1, 1, 'Best Mistake', 400.00, 400.00),
(45, 12, NULL, '09123456666', '2024-06-05 16:34:35', 'Bulacan', 'Plaridel', 'Lalangan', 'Cash On Delivery', 'Delivered successfully', '2024-06-09 19:10:29', 1, 2, 'Best Mistake', 400.00, 800.00),
(46, 12, NULL, '09123456787', '2024-06-05 16:37:27', 'Bulacan', 'Plaridel', 'Tabang', 'Cash On Delivery', 'Delivered successfully', '2024-06-09 19:10:41', 38, 1, 'Flame Red', 200.00, 200.00),
(47, 12, NULL, '09123456783', '2024-06-05 16:41:55', 'Bulacan', 'Guiguinto', 'Lalangan', 'Cash On Delivery', 'Delivered successfully', '2024-06-09 19:10:55', 40, 1, '0', 200.00, 200.00),
(48, 6, NULL, '09123456788', '2024-06-07 11:18:06', 'Bulacan', 'Sta Maria', 'Caypombo', 'Cash On Delivery', 'Delivered successfully', '2024-06-09 19:11:00', 35, 1, '0', 220.00, 220.00),
(49, 6, NULL, '09123456788', '2024-06-07 11:18:46', 'Bulacan', 'Malolos', 'Atlag', 'Cash On Delivery', 'Delivered successfully', '2024-06-09 19:11:04', 32, 1, '0', 200.00, 200.00),
(50, 6, NULL, '09123456788', '2024-06-07 11:21:52', 'Bulacan', 'Guiguinto', 'Tuktukan', 'Cash On Delivery', 'Delivered successfully', '2024-06-09 19:11:08', 40, 1, '0', 200.00, 200.00),
(51, 6, NULL, '09123456788', '2024-06-07 11:27:00', 'Bulacan', 'Plaridel', 'Lalangan', 'Cash On Delivery', 'Delivered successfully', '2024-06-09 19:11:12', 1, 1, '0', 400.00, 400.00),
(52, 6, NULL, '09123456783', '2024-06-07 11:28:13', 'Bulacan', 'Baliuag', 'Matimbo', 'Cash On Delivery', 'Delivered successfully', '2024-06-09 19:11:17', 20, 1, '0', 50.00, 50.00),
(53, 29, NULL, '09123456787', '2024-06-07 11:30:38', 'Bulacan', 'Baliuag', 'Tabang', 'Cash On Delivery', 'Delivered successfully', '2024-06-09 19:11:21', 41, 1, '0', 200.00, 200.00),
(54, 21, NULL, '09123456787', '2024-06-07 11:39:24', 'Bulacan', 'Plaridel', 'Lalangan', 'Cash On Delivery', 'Delivered successfully', '2024-06-09 19:11:26', 39, 2, '0', 200.00, 400.00),
(55, 21, NULL, '09123456783', '2024-06-07 11:42:56', 'Bulacan', 'Malolos', 'Matimbo', 'Cash On Delivery', 'Delivered successfully', '2024-06-09 19:11:30', 13, 1, '0', 550.00, 550.00),
(56, 21, NULL, '09123456712', '2024-06-07 11:46:10', 'Bulacan', 'Malolos', 'Atlag', 'Cash On Delivery', 'Delivered successfully', '2024-06-09 19:08:12', 1, 1, 'Best Mistake', 400.00, 400.00),
(57, 21, NULL, '09123456783', '2024-06-07 11:49:52', 'Bulacan', 'Plaridel', 'Tuktukan', 'Cash On Delivery', 'Shipped', NULL, 18, 1, 'Blue Elixir Pomade', 280.00, 280.00),
(58, 21, NULL, '09123456783', '2024-06-07 12:22:05', 'Bulacan', 'Sta Maria', 'Tabang', 'Cash On Delivery', 'Shipped', NULL, 32, 1, 'Istillo Tube Mask', 200.00, 200.00),
(59, 25, NULL, '09123456711', '2024-06-07 14:58:51', 'Bulacan', 'Plaridel', 'Lalangan', 'Cash On Delivery', 'Shipped', NULL, 32, 1, 'Istillo Tube Mask', 200.00, 200.00),
(60, 25, NULL, '09123456712', '2024-06-07 15:01:53', 'Bulacan', 'Plaridel', 'Lalangan', 'Cash On Delivery', 'Shipped', NULL, 1, 1, 'Best Mistake', 400.00, 400.00),
(61, 25, NULL, '09123456788', '2024-06-07 15:05:23', 'Bulacan', 'Plaridel', 'Lalangan', 'Cash On Delivery', 'To be shipped', NULL, 1, 1, 'Best Mistake', 400.00, 400.00),
(62, 24, NULL, '09123436788', '2024-06-07 18:49:37', 'Bulacan', 'Pulilan', 'Longos', 'Cash On Delivery', 'To be shipped', NULL, 38, 2, 'Flame Red', 200.00, 400.00),
(63, 24, NULL, '09123453788', '2024-06-07 20:26:12', 'Bulacan', 'Pulilan', 'Longos', 'Cash On Delivery', 'Placed order', NULL, 37, 100, 'White Vanille Pomade', 100.00, 10000.00),
(64, 23, NULL, '09123456238', '2024-06-08 20:13:24', 'Bulacan', 'Baliuag', 'Atlag', 'Cash On Delivery', 'Shipped', NULL, 7, 1, '999 Shirt', 500.00, 500.00),
(65, 35, NULL, '09123423787', '2024-06-08 20:46:44', 'Bulacan', 'Pulilan', 'Matimbo', 'Cash On Delivery', 'Placed order', NULL, 36, 1, 'Graphics Paisley', 200.00, 200.00),
(66, 35, NULL, '091231236788', '2024-06-08 21:26:27', 'Bulacan', 'Sta Maria', 'Caypombo', 'Cash On Delivery', 'Canceled order', NULL, 1, 98, 'Best Mistake', 400.00, 39200.00),
(67, 27, NULL, '09123452788', '2024-06-09 14:21:11', 'Bulacan', 'Baliuag', 'Tarcan', 'Cash On Delivery', 'Placed order', NULL, 38, 1, 'Flame Red', 200.00, 200.00),
(68, 27, NULL, '09123456266', '2024-06-09 14:33:02', 'Bulacan', 'Sta Maria', 'Caypombo', 'Cash On Delivery', 'Placed order', NULL, 1, 3, 'Best Mistake', 400.00, 1200.00),
(69, 27, NULL, '09123456787', '2024-06-09 14:35:33', 'Bulacan', 'Guiguinto', 'Sta Rita', 'Cash On Delivery', 'Placed order', NULL, 1, 1, 'Best Mistake', 400.00, 400.00),
(70, 28, NULL, '09122356712', '2024-06-09 19:28:48', 'Bulacan', 'Bocaue', 'Wakas', 'Cash On Delivery', 'Placed order', NULL, 35, 1, 'Flora Paisley', 220.00, 220.00),
(71, 28, NULL, '09122356712', '2024-06-09 19:28:48', 'Bulacan', 'Bocaue', 'Wakas', 'Cash On Delivery', 'Placed order', NULL, 25, 1, 'Square Tribal Paisley', 200.00, 200.00),
(72, 28, NULL, '09122356712', '2024-06-09 19:28:48', 'Bulacan', 'Bocaue', 'Wakas', 'Cash On Delivery', 'Placed order', NULL, 13, 5, 'Soiled X GodGames OPHNM', 550.00, 2750.00),
(73, 28, NULL, '09122356712', '2024-06-09 19:28:48', 'Bulacan', 'Bocaue', 'Wakas', 'Cash On Delivery', 'Placed order', NULL, 22, 2, 'Soiled X Istillo Sticker Pack', 80.00, 160.00),
(74, 6, NULL, '09123456788', '2024-06-09 19:30:10', 'Bulacan', 'Plaridel', 'Tabang', 'Cash On Delivery', 'Placed order', NULL, 25, 6, 'Square Tribal Paisley', 200.00, 1200.00),
(75, 6, NULL, '09123456788', '2024-06-09 19:30:10', 'Bulacan', 'Plaridel', 'Tabang', 'Cash On Delivery', 'Placed order', NULL, 19, 5, 'Nectarine Pomade', 200.00, 1000.00),
(76, 6, NULL, '09123456788', '2024-06-09 19:30:10', 'Bulacan', 'Plaridel', 'Tabang', 'Cash On Delivery', 'Placed order', NULL, 24, 1, 'Classic Paisley', 175.00, 175.00),
(77, 6, NULL, '09123456788', '2024-06-09 19:30:10', 'Bulacan', 'Plaridel', 'Tabang', 'Cash On Delivery', 'Placed order', NULL, 39, 2, 'Sting Tube Mask', 200.00, 400.00),
(78, 36, NULL, '09123456788', '2024-06-10 20:22:43', 'Bulacan', 'Pulilan', 'Caypombo', 'Cash On Delivery', 'Placed order', NULL, 5, 5, 'Best Mistake', 400.00, 2000.00),
(79, 7, NULL, '', '2024-11-04 22:07:47', '', '', '', NULL, 'Placed order', NULL, 19, 1, 'Nectarine Pomade', 200.00, 200.00),
(80, 8, NULL, '0912345678', '2024-11-04 22:20:20', 'Bulacan', 'Sta Maria', 'Caypombo', NULL, 'Placed order', NULL, 7, 1, '999 Shirt', 500.00, 500.00),
(81, 8, NULL, '0912345678', '2024-11-04 22:21:14', 'Bulacan', 'Sta Maria', 'Caypombo', NULL, 'Placed order', NULL, 18, 1, 'Blue Elixir Pomade', 280.00, 280.00),
(82, 8, NULL, '0912345678', '2024-11-04 22:23:56', 'Bulacan', 'Sta Maria', 'Caypombo', NULL, 'Placed order', NULL, 19, 1, 'Nectarine Pomade', 200.00, 200.00),
(83, 8, NULL, '0912345678', '2024-11-04 22:27:51', 'Bulacan', 'Sta Maria', 'Caypombo', NULL, 'Placed order', NULL, 35, 1, 'Flora Paisley', 220.00, 220.00),
(84, 8, NULL, '0912345678', '2024-11-04 22:30:07', 'Bulacan', 'Sta Maria', 'Caypombo', NULL, 'Placed order', NULL, 38, 1, 'Flame Red', 200.00, 200.00),
(85, 8, NULL, '0912345678', '2024-11-04 22:32:34', 'Bulacan', 'Sta Maria', 'Caypombo', 'Cash on Delivery', 'Placed order', NULL, 41, 1, 'Graffiti Tube Mask', 200.00, 200.00),
(86, 8, NULL, '0912345678', '2024-11-04 23:12:46', 'Bulacan', 'Sta Maria', 'Caypombo', 'Cash on Delivery', 'Placed order', NULL, 13, 1, 'Soiled X GodGames OPHNM', 550.00, 550.00),
(87, 6, NULL, '0912345678', '2024-11-05 00:51:18', 'Bulacan', 'Sta Maria', 'Caypombo', NULL, 'Placed order', NULL, 1, 1, 'Best Mistake', 400.00, 400.00),
(88, 6, NULL, '0912345678', '2024-11-05 00:52:35', 'Bulacan', 'Malolos', 'Atlag', NULL, 'Placed order', NULL, 18, 1, 'Blue Elixir Pomade', 280.00, 280.00),
(89, 6, NULL, '0912345678', '2024-11-05 00:56:50', 'Bulacan', 'Malolos', 'Atlag', NULL, 'Placed order', NULL, 13, 1, 'Soiled X GodGames OPHNM', 550.00, 550.00);

-- --------------------------------------------------------

--
-- Table structure for table `order_items`
--

CREATE TABLE `order_items` (
  `itemID` int(11) NOT NULL,
  `cartID` int(11) NOT NULL,
  `orderID` int(11) DEFAULT NULL,
  `userID` int(11) NOT NULL,
  `prodID` int(11) NOT NULL,
  `quantity` int(11) NOT NULL,
  `totalAmount` decimal(10,2) NOT NULL,
  `orderStatus` enum('pending','shipped','to be shipped','delivered successfully') DEFAULT 'pending',
  `orderDateTime` timestamp NOT NULL DEFAULT current_timestamp()
) ENGINE=InnoDB DEFAULT CHARSET=utf8mb4 COLLATE=utf8mb4_general_ci;

--
-- Dumping data for table `order_items`
--

INSERT INTO `order_items` (`itemID`, `cartID`, `orderID`, `userID`, `prodID`, `quantity`, `totalAmount`, `orderStatus`, `orderDateTime`) VALUES
(2, 0, 19, 6, 1, 1, 0.00, 'pending', '2024-05-27 07:28:40'),
(3, 0, 20, 6, 1, 1, 0.00, 'pending', '2024-05-27 07:31:16'),
(4, 0, 21, 6, 38, 1, 0.00, 'pending', '2024-05-27 07:46:37'),
(5, 0, 22, 6, 38, 1, 0.00, 'pending', '2024-05-27 08:00:51'),
(6, 0, 23, 6, 38, 1, 0.00, 'pending', '2024-05-27 08:22:39'),
(7, 0, 24, 6, 38, 1, 0.00, 'pending', '2024-05-27 08:22:51'),
(8, 0, 25, 6, 38, 1, 0.00, 'pending', '2024-05-27 08:23:11'),
(9, 0, 26, 7, 38, 1, 0.00, 'pending', '2024-05-27 08:37:33'),
(10, 0, 26, 7, 19, 1, 0.00, 'pending', '2024-05-27 08:37:33');

-- --------------------------------------------------------

--
-- Table structure for table `payment`
--

CREATE TABLE `payment` (
  `paymentID` int(11) NOT NULL,
  `orderID` int(11) DEFAULT NULL,
  `paymentDate` date DEFAULT NULL,
  `paymentAmount` decimal(10,2) DEFAULT NULL,
  `paymentStatus` enum('successful','pending','failed') DEFAULT NULL
) ENGINE=InnoDB DEFAULT CHARSET=utf8mb4 COLLATE=utf8mb4_general_ci;

--
-- Dumping data for table `payment`
--

INSERT INTO `payment` (`paymentID`, `orderID`, `paymentDate`, `paymentAmount`, `paymentStatus`) VALUES
(4, 5, '2024-05-02', 1000.00, 'successful'),
(5, 6, '2024-05-02', 600.00, 'successful');

-- --------------------------------------------------------

--
-- Table structure for table `products`
--

CREATE TABLE `products` (
  `prodID` int(11) NOT NULL,
  `prodName` varchar(100) NOT NULL,
  `prodDesc` text DEFAULT NULL,
  `prodPrice` decimal(10,2) NOT NULL,
  `date_added` timestamp NOT NULL DEFAULT current_timestamp(),
  `prodImage` varchar(255) DEFAULT NULL,
  `prodSize` enum('M','L','XL') DEFAULT NULL,
  `prodColor` enum('Black','White') DEFAULT NULL,
  `prodAvailability` enum('Available','Unavailable') NOT NULL,
  `prodType` enum('Shirt','Pomade','Tube Mask','Sticker Pack','Handkerchief') NOT NULL,
  `stock` int(11) DEFAULT 100
) ENGINE=InnoDB DEFAULT CHARSET=utf8mb4 COLLATE=utf8mb4_general_ci;

--
-- Dumping data for table `products`
--

INSERT INTO `products` (`prodID`, `prodName`, `prodDesc`, `prodPrice`, `date_added`, `prodImage`, `prodSize`, `prodColor`, `prodAvailability`, `prodType`, `stock`) VALUES
(1, 'Best Mistake', 'First official shirt of Soiled comes in black & white!', 400.00, '2024-04-28 07:54:23', 'products/bestmistake.jpg', 'M', 'White', 'Available', 'Shirt', 92),
(2, 'Best Mistake', 'First official shirt of Soiled comes in black & white!', 400.00, '2024-04-28 07:55:17', 'products/bestmistake.jpg', 'L', 'White', 'Available', 'Shirt', 100),
(3, 'Best Mistake', 'First official shirt of Soiled comes in black & white!', 400.00, '2024-04-28 07:56:03', 'products/bestmistake.jpg', 'XL', 'White', 'Available', 'Shirt', 100),
(4, 'Best Mistake', 'First official shirt of Soiled comes in black & white!', 400.00, '2024-04-28 07:58:10', 'products/bestmistake.jpg', 'M', 'Black', 'Available', 'Shirt', 100),
(5, 'Best Mistake', 'First official shirt of Soiled comes in black & white!', 400.00, '2024-04-28 07:59:20', 'products/bestmistake.jpg', 'L', 'Black', 'Available', 'Shirt', 95),
(6, 'Best Mistake', 'First official shirt of Soiled comes in black & white!', 400.00, '2024-04-28 08:01:52', 'products/bestmistake.jpg', 'XL', 'Black', 'Available', 'Shirt', 100),
(7, '999 Shirt', 'The inspiration behind the second release of Soiled was carved from the creative mind of  late rapper Juice WRLD.', 500.00, '2024-04-28 08:02:37', 'products/999.jpg', 'M', 'White', 'Available', 'Shirt', 98),
(8, '999 Shirt', 'The inspiration behind the second release of Soiled was carved from the creative mind of  late rapper Juice WRLD.', 500.00, '2024-04-28 08:03:56', 'products/999.jpg', 'M', 'White', 'Available', 'Shirt', 100),
(9, '999 Shirt', 'The inspiration behind the second release of Soiled was carved from the creative mind of  late rapper Juice WRLD.', 500.00, '2024-04-28 08:04:59', 'products/999.jpg', 'XL', 'White', 'Available', 'Shirt', 100),
(10, '999 Shirt', 'The inspiration behind the second release of Soiled was carved from the creative mind of  late rapper Juice WRLD.', 500.00, '2024-04-28 08:06:40', 'products/999.jpg', 'M', 'Black', 'Available', 'Shirt', 100),
(11, '999 Shirt', 'The inspiration behind the second release of Soiled was carved from the creative mind of  late rapper Juice WRLD.', 500.00, '2024-05-20 12:25:40', 'products/999.jpg', 'L', 'Black', 'Available', 'Shirt', 100),
(12, '999 Shirt', 'The inspiration behind the second release of Soiled was carved from the creative mind of  late rapper Juice WRLD.', 500.00, '2024-05-20 12:28:54', 'products/999.jpg', 'XL', 'Black', 'Available', 'Shirt', 100),
(13, 'Soiled X GodGames OPHNM', 'From the collaboration of Soiled X Godgames: Introducing OPHNM, Ophanim in Ezekiels vision reveals Gods supreme reign over the entire universe. ', 550.00, '2024-05-20 12:32:04', 'products/ophnm.jpg\r\n', 'M', 'Black', 'Available', 'Shirt', 93),
(14, 'Soiled X GodGames OPHNM', 'From the collaboration of Soiled X Godgames: Introducing OPHNM, Ophanim in Ezekiels vision reveals Gods supreme reign over the entire universe. ', 550.00, '2024-05-20 12:32:58', 'products/ophnm.jpg', 'L', 'Black', 'Available', 'Shirt', 100),
(15, 'Soiled X GodGames OPHNM', 'From the collaboration of Soiled X Godgames: Introducing OPHNM, Ophanim in Ezekiels vision reveals Gods supreme reign over the entire universe. ', 550.00, '2024-05-20 12:33:32', 'products/ophnm.jpg', 'XL', 'Black', 'Available', 'Shirt', 100),
(18, 'Blue Elixir Pomade', 'With a bubble gum scent, comes this strong hold - medium shine oil based pomade.', 280.00, '2024-05-22 10:49:12', 'products/bluelixir.jpg', '', '', 'Available', 'Pomade', 98),
(19, 'Nectarine Pomade', 'Scent, inspired from Jomalone, this oil-based pomade provides strong hold - medium shine touch.', 200.00, '2024-05-23 03:24:27', 'products/nectarine.jpg', NULL, NULL, 'Available', 'Pomade', 93),
(20, 'Sticker Pack V1', 'The first sticker pack from Soiled contains six stickers for your everyday grind.', 50.00, '2024-05-23 03:25:26', 'products/Spack1.jpg', NULL, NULL, 'Available', 'Sticker Pack', 100),
(21, 'Sticker Pack V2', 'V2 Sticker Pack: King of the Streets is fueled by the flaming love of Filipino for jeepneys and a sign of standing up to the challenges it\'s facing today.', 75.00, '2024-05-23 03:27:51', 'products/Spack2.jpg', '', '', 'Available', 'Sticker Pack', 100),
(22, 'Soiled X Istillo Sticker Pack', '7 stickers from Soiled X Istillo sticker collection.', 80.00, '2024-05-23 03:29:00', 'products/Spack4.jpg', '', '', 'Available', 'Sticker Pack', 98),
(23, 'Soiled X Attachable Sticker Pack', 'Featuring 5 dark horse stickers..', 100.00, '2024-05-23 03:29:13', 'products/SpackAxS1.jpg', '', '', 'Available', 'Sticker Pack', 100),
(24, 'Classic Paisley', 'First of the handkerchief collection, introducing a classic design.', 175.00, '2024-05-23 15:03:07', 'products/Panyo1.jpg', '', '', 'Available', 'Handkerchief', 99),
(25, 'Square Tribal Paisley', 'Inspired by tribes comes Square Tribal Paisley for everyday occasions!', 200.00, '2024-05-23 15:04:07', 'products/Panyo2.jpg', '', '', 'Available', 'Handkerchief', 93),
(30, 'Wild Dog', 'Soiled takes a different approach in clothing as this only comes with a single design in the front.', 510.00, '2024-05-24 14:55:29', 'products/Wilddog.jpg', 'L', 'Black', 'Available', 'Shirt', 100),
(31, 'Soiled Stussy Inspired', 'Inspired by Stssy, Soiled uses the iconic 8-ball for a bolder style.', 175.00, '2024-05-24 15:01:08', 'products/8ball.jpg', 'M', 'Black', 'Available', 'Shirt', 100),
(32, 'Istillo Tube Mask', 'The main product of Soiled X Istillo collaboration.', 200.00, '2024-05-24 15:21:54', 'products/tubemask.jpg', '', '', 'Available', 'Tube Mask', 99),
(35, 'Flora Paisley', 'Floral designs handkerchief.', 220.00, '2024-05-26 01:30:17', 'products/Panyo3.jpg', '', '', 'Available', 'Handkerchief', 98),
(36, 'Graphics Paisley', 'Includes small graphics for the street style glow.', 200.00, '2024-05-26 02:30:28', 'products/Panyo4.jpg', '', '', 'Available', 'Handkerchief', 99),
(37, 'White Vanille Pomade', 'With a touch of vanilla, this hand brewed pomade offers a medium hold - medium shine style.', 100.00, '2024-05-26 02:31:07', 'products/whitevanille.jpg', '', '', 'Available', 'Pomade', 50),
(38, 'Flame Red', 'Flaming as the Lacoste Red, Flame Red got the hotness featuring a medium hold - medium shine take.', 200.00, '2024-05-26 02:50:24', 'products/flamered.jpg', '', '', 'Available', 'Pomade', 96),
(39, 'Sting Tube Mask', 'Green sting designed tube mask.', 200.00, '2024-05-26 03:42:18', 'products/tubemask2.jpg', '', '', 'Available', 'Tube Mask', 98),
(40, 'Checker Tube Mask', 'Like Vans\' checkers, but in the Soiled way. ', 200.00, '2024-05-26 03:42:44', 'products/tubemask4.jpg', '', '', 'Available', 'Tube Mask', 100),
(41, 'Graffiti Tube Mask', 'From the streets, graffiti is now on your face.', 200.00, '2024-05-26 03:43:04', 'products/tubemask3.jpg', '', '', 'Available', 'Tube Mask', 99);

-- --------------------------------------------------------

--
-- Table structure for table `users`
--

CREATE TABLE `users` (
  `userID` int(11) NOT NULL,
  `fname` varchar(255) NOT NULL,
  `lname` varchar(255) NOT NULL,
  `email` varchar(255) NOT NULL,
  `password` varchar(255) NOT NULL,
  `userType` varchar(255) NOT NULL,
  `date_created` datetime DEFAULT current_timestamp(),
  `profile_pic` varchar(255) DEFAULT 'default_pic.png'
) ENGINE=InnoDB DEFAULT CHARSET=utf8mb4 COLLATE=utf8mb4_general_ci;

--
-- Dumping data for table `users`
--

INSERT INTO `users` (`userID`, `fname`, `lname`, `email`, `password`, `userType`, `date_created`, `profile_pic`) VALUES
(5, 'Zedrick', 'Ellado', 'zedrickellado@gmail.com', '$2y$10$CY1W6lyozlk3WuEAWOheReBnUYhdCPjmIc3kMCI/xtqycwf8OXOOO', '1', '2024-04-22 20:24:14', 'IMG-66520a20ccce29.90607423.jpg'),
(6, 'Luigi ', 'Clavio', 'luigi@gmail.com', '$2y$10$xa/xveZyvb.s4eexl8wdTO2HPUir8RVX81WDBC4u.kBBFSbZ3/MAK', '2', '2024-04-22 20:24:40', 'IMG-665203815cbec0.77780247.jpg'),
(7, 'Lenard', 'Ladia', 'lenard@gmail.com', '$2y$10$dqR7MURR1Br23LTH1mnQvOUwC8P4s9vRwArIofRQf/Tz6KuhUGN4S', '2', '2024-04-28 15:18:29', 'IMG-66421ef988b362.66389060.png'),
(8, 'Hans', 'De Castro', 'hansdc@gmail.com', '$2y$10$sd47VPKb/R49aqFnHSvuu.uYYJoQg8ZL.b5LjemR3C9CBMjOJDPlO', '2', '2024-04-28 15:19:03', 'default_pic.png'),
(9, 'Sam ', 'Espino', 'samespino@gmail.com', '$2y$10$ObuO9w4JIjdb4qYDfn.c4.j.dHBnpi9.3acc5x0ttW4lD3aU51dwy', '2', '2024-05-11 19:16:06', 'default_pic.png'),
(10, 'Lincoln James', 'Burrows', 'lincoln@gmail.com', '$2y$10$54DZA293gugKJFDKTs5Z2.WS08E2AJK0eaj5jsxbNbOWPtngStG9O', '2', '2024-05-11 19:29:04', 'IMG-66421ceaa5d752.83982683.jpg'),
(11, 'Joe', 'Cup', 'cupofjoe@gmail.com', '$2y$10$ZWgYMWVqGEXlBwzHZs6tfukgtF7B/BA4zJiLfdzjEjmUdsDKK.cKy', '2', '2024-05-11 23:23:54', 'IMG-66421d4d46e8c6.81544808.jpg'),
(12, 'Kim', 'Tanaka', 'kimtanaka@gmail.com', '$2y$10$TYloiKTkdr3/ZRsBgzup9ufCElY/ffvd6Ei38axDtvDepud.byy2q', '2', '2024-05-11 23:25:47', 'IMG-66421e9964fac9.23221876.jpg'),
(13, 'Selley', 'Ssorc', 'selley@gmail.com', '$2y$10$gSQvVIJflFYMoqmZ15im9uSUWv6EKFFK7LYiFOWOzkBUA0EP7Y8aa', '2', '2024-05-11 23:26:32', 'default_pic.png'),
(14, 'Waiian', 'Worldwide', 'waiian@gmail.com', '$2y$10$uXBmJCkg1nrzw6ytqX24peqIqWOb0zajkfTWXwI2zlKaAjpk7H4KS', '2', '2024-05-11 23:28:01', 'default_pic.png'),
(16, 'Hev', 'Abi', 'hevabi@gmail.com', '$2y$10$0WHIZ7dmkVNtysFPtwth2eAndl5DL4XmTzoYeUoCGQVGgIXzsivhG', '2', '2024-05-11 23:29:52', 'default_pic.png'),
(17, 'Letizia ', 'Ellado', 'letizia@gmail.com', '$2y$10$3LhBcb0FS2HbNjV2CVri.eaegoOyIq6BF1mWF6Gwm7TahsT8SRbDW', '2', '2024-05-11 23:32:23', 'default_pic.png'),
(18, 'Cyrus', 'Zedrick', 'cyrus@gmail.com', '$2y$10$NRhL5aGeZQ8I8It4lIrX5eJEXLwrAzPSQAA3ujMmNrvtt7k7uuOSa', '2', '2024-05-11 23:33:34', 'IMG-6651e06459a9d9.06777574.jpg'),
(19, 'Kiel', 'Galang', 'kiel@gmail.com', '$2y$10$vUkJW5EDuFZrF2eMjxghZuUttmgaYwfus.LbAF6JwXxCkYoedTH8K', '2', '2024-05-13 22:05:03', 'IMG-66421e30db7877.70347526.jpg'),
(20, 'Taylor', 'Swift', 'taylorswift@gmail.com', '$2y$10$eQxNBfJveqN9xiodrWwAKOQakr4FVlICkqxl.OXj5FaqzdKvy6P96', '2', '2024-05-13 22:29:05', 'IMG-66422415e0d4c8.82398770.jpg'),
(21, 'Bruno', 'Mars', 'bruno@gmail.com', '$2y$10$xm7wfB9ys4DtlJ4mooCbleToFC.NgZjTLUOKQ0ASFBs1QGp5n4RJW', '2', '2024-05-22 14:55:19', 'default_pic.png'),
(22, 'Lebron', 'James', 'lebron@gmail.com', '$2y$10$zmLBSLp8/KL40W1qBNEWGOTgIjBX/om1ePqZtcq25iLEbUOuZgO0e', '2', '2024-05-22 16:18:05', 'default_pic.png'),
(23, 'Anthony ', 'Edwards', 'ant@gmail.com', '$2y$10$VIR7O2M.OZgp2.hHVR6KBO8/QzuBhefoI7vU4h.WaoRLD07fx439C', '2', '2024-05-22 16:18:19', 'IMG-6651dfe6deab72.82887420.jpg'),
(24, 'Ruby', 'Gobert', 'gobert@gmail.com', '$2y$10$7t6BXcbh9OefGqyxlvKhNe0x2HPiwRIMT/liREYuMHgjSE0OpXlTC', '2', '2024-05-22 16:18:55', 'default_pic.png'),
(25, 'Tyrese', 'Haliburton', 'tyrese@gmail.com', '$2y$10$TrbxCSqT8BGICfR5y4bmdOtIfp00rrUUHJN.qHkM993ydgnnez4c.', '2', '2024-05-22 16:19:17', 'default_pic.png'),
(26, 'Jayson', 'Tatum', 'tatum@gmail.com', '$2y$10$EYxV/W2BC1XUPoRjgZMKwudRAvqjqSdgBT3ArUGZct9fv71RNtxUy', '2', '2024-05-22 16:19:43', 'default_pic.png'),
(27, 'Jaylen', 'Brown', 'jaylen@gmail.com', '$2y$10$UaLblD97IIXBxk2iytDx0.yS97jGg748pXRiXd5e9K1Q0Cfsp/ehG', '2', '2024-05-22 16:19:59', 'default_pic.png'),
(28, 'Bini', 'Maloi', 'maloi@gmail.com', '$2y$10$P7KeSbgB4pE3Ma0O94SchekNLkhkQZLdAhJVzFpDWdocDJ1UtPYUq', '2', '2024-05-25 18:34:46', 'default_pic.png'),
(29, 'Bini', 'Aiah', 'aiah@gmail.com', '$2y$10$pI89fAcYAMHxtV4Fz1qXoepk03qMf/yVQ.8uX9zbETgMT5lm8ntFq', '2', '2024-05-25 18:54:52', 'IMG-6651de91ae2192.17204331.jpg'),
(32, 'Bini', 'Colet', 'colet@gmail.com', '$2y$10$wTKwN3QjwnQEs1a700v6xepjGVH16Nv1wWPc3wKqnKwwqxjAjVvci', '2', '2024-05-26 19:07:06', 'IMG-6653186ad4b434.34792247.jpg'),
(33, 'Cyrus', 'Zed', 'cyzed@gmail.com', '$2y$10$ly5T2TiMxoxFaAB3lGneH.iGZtNeyNUtbi5w4tmVgTo5Cq.klvD/y', '2', '2024-05-27 22:59:48', 'default_pic.png'),
(34, 'Mike', 'Diezel', 'mike@gmail.com', '$2y$10$29k.fFm.XGoo4mWa0JB6y.cLr.RXT9Gm7w7mOhQsmqN/KPrWZ0Bae', '2', '2024-05-27 23:09:20', 'default_pic.png'),
(35, 'Bini', 'Stacku', 'stacku@gmail.com', '$2y$10$1Njr6ELA9rWe1diCnGk5DOPtrsPxSm73RgqmxJBZLWET4y.PSdX9S', '2', '2024-06-08 20:33:54', 'default_pic.png'),
(36, 'Mikha', 'Lim', 'mikha@gmail.com', '$2y$10$47O8zv3od4bhnvI2shoLHOq5A5REynOH4j7OfKZORVRiBzxnsSKcC', '2', '2024-06-10 20:06:03', 'default_pic.png'),
(37, 'Armi', 'Millare', 'armi@gmail.com', '$2y$10$w.D/WoJyzIdpgCvfnstI4Oh6DKR77SiF7/jHxlWMOBnpo8ukGYVsG', '2', '2024-06-10 22:55:46', 'default_pic.png'),
(38, 'Gab', 'Abi', 'gababi@gmail.com', '$2y$10$MyjV3AlPRZKn6C4oR17k3O8KuyBckb/Dgz5Bq1Z60kMU1uC2MaMg.', '2', '2024-06-10 22:57:06', 'default_pic.png'),
(39, 'Xeno', 'Xeno', 'xeno@gmail.com', '$2y$10$A5BkNepGudzJi2iJaXoMNe8VI1iV4AAmbiv7AaorZ.D5aHTDSg3hS', '2', '2024-06-10 22:59:25', 'default_pic.png');

--
-- Indexes for dumped tables
--

--
-- Indexes for table `audit_log`
--
ALTER TABLE `audit_log`
  ADD PRIMARY KEY (`auditID`);

--
-- Indexes for table `cart`
--
ALTER TABLE `cart`
  ADD PRIMARY KEY (`cartID`),
  ADD KEY `prodID` (`prodID`),
  ADD KEY `fk_user_cart` (`userID`);

--
-- Indexes for table `orders`
--
ALTER TABLE `orders`
  ADD PRIMARY KEY (`orderID`),
  ADD KEY `userID` (`userID`),
  ADD KEY `cartID` (`cartID`),
  ADD KEY `prodID` (`prodID`);

--
-- Indexes for table `order_items`
--
ALTER TABLE `order_items`
  ADD PRIMARY KEY (`itemID`),
  ADD KEY `userID` (`userID`),
  ADD KEY `prodID` (`prodID`);

--
-- Indexes for table `payment`
--
ALTER TABLE `payment`
  ADD PRIMARY KEY (`paymentID`),
  ADD KEY `orderID` (`orderID`);

--
-- Indexes for table `products`
--
ALTER TABLE `products`
  ADD PRIMARY KEY (`prodID`);

--
-- Indexes for table `users`
--
ALTER TABLE `users`
  ADD PRIMARY KEY (`userID`);

--
-- AUTO_INCREMENT for dumped tables
--

--
-- AUTO_INCREMENT for table `audit_log`
--
ALTER TABLE `audit_log`
  MODIFY `auditID` int(11) NOT NULL AUTO_INCREMENT, AUTO_INCREMENT=733;

--
-- AUTO_INCREMENT for table `cart`
--
ALTER TABLE `cart`
  MODIFY `cartID` int(11) NOT NULL AUTO_INCREMENT, AUTO_INCREMENT=138;

--
-- AUTO_INCREMENT for table `orders`
--
ALTER TABLE `orders`
  MODIFY `orderID` int(11) NOT NULL AUTO_INCREMENT, AUTO_INCREMENT=90;

--
-- AUTO_INCREMENT for table `order_items`
--
ALTER TABLE `order_items`
  MODIFY `itemID` int(11) NOT NULL AUTO_INCREMENT, AUTO_INCREMENT=11;

--
-- AUTO_INCREMENT for table `payment`
--
ALTER TABLE `payment`
  MODIFY `paymentID` int(11) NOT NULL AUTO_INCREMENT, AUTO_INCREMENT=6;

--
-- AUTO_INCREMENT for table `products`
--
ALTER TABLE `products`
  MODIFY `prodID` int(11) NOT NULL AUTO_INCREMENT, AUTO_INCREMENT=42;

--
-- AUTO_INCREMENT for table `users`
--
ALTER TABLE `users`
  MODIFY `userID` int(11) NOT NULL AUTO_INCREMENT, AUTO_INCREMENT=40;

--
-- Constraints for dumped tables
--

--
-- Constraints for table `cart`
--
ALTER TABLE `cart`
  ADD CONSTRAINT `cart_ibfk_1` FOREIGN KEY (`prodID`) REFERENCES `products` (`prodID`),
  ADD CONSTRAINT `fk_user_cart` FOREIGN KEY (`userID`) REFERENCES `users` (`userID`);

--
-- Constraints for table `orders`
--
ALTER TABLE `orders`
  ADD CONSTRAINT `orders_ibfk_1` FOREIGN KEY (`userID`) REFERENCES `users` (`userID`),
  ADD CONSTRAINT `orders_ibfk_2` FOREIGN KEY (`cartID`) REFERENCES `cart` (`cartID`),
  ADD CONSTRAINT `orders_ibfk_3` FOREIGN KEY (`prodID`) REFERENCES `products` (`prodID`);

--
-- Constraints for table `order_items`
--
ALTER TABLE `order_items`
  ADD CONSTRAINT `order_items_ibfk_1` FOREIGN KEY (`userID`) REFERENCES `users` (`userID`),
  ADD CONSTRAINT `order_items_ibfk_2` FOREIGN KEY (`prodID`) REFERENCES `products` (`prodID`);

--
-- Constraints for table `payment`
--
ALTER TABLE `payment`
  ADD CONSTRAINT `payment_ibfk_1` FOREIGN KEY (`orderID`) REFERENCES `orders` (`orderID`);
COMMIT;

/*!40101 SET CHARACTER_SET_CLIENT=@OLD_CHARACTER_SET_CLIENT */;
/*!40101 SET CHARACTER_SET_RESULTS=@OLD_CHARACTER_SET_RESULTS */;
/*!40101 SET COLLATION_CONNECTION=@OLD_COLLATION_CONNECTION */;
